{"cameraMode":{"drawMode":0,"name":"Shaded","section":"Shading Mode"},"sceneLighting":false,"audioPlay":false,"sceneViewState":{"showFog":true,"showMaterialUpdate":false,"showSkybox":true,"showFlares":true,"showImageEffects":true,"showParticleSystems":true},"in2DMode":false,"pivot":{"x":2.0899999141693117,"y":1.6000001430511475,"z":12.199999809265137},"rotation":{"x":-0.08719898760318756,"y":0.0005945985321886838,"z":-0.000052167637477396056,"w":-0.9961907863616943},"size":2.8578941822052,"orthographic":false}