{"cameraMode":{"drawMode":0,"name":"Shaded","section":"Shading Mode"},"sceneLighting":false,"audioPlay":false,"sceneViewState":{"showFog":true,"showMaterialUpdate":false,"showSkybox":true,"showFlares":true,"showImageEffects":true,"showParticleSystems":true},"in2DMode":false,"pivot":{"x":0.8959367275238037,"y":-0.2992863655090332,"z":8.590213775634766},"rotation":{"x":0.108588807284832,"y":0.11159061640501023,"z":-0.012268037535250187,"w":0.9877274632453919},"size":2.8578836917877199,"orthographic":false}