{"cameraMode":{"drawMode":0,"name":"Shaded","section":"Shading Mode"},"sceneLighting":false,"audioPlay":false,"sceneViewState":{"showFog":true,"showMaterialUpdate":false,"showSkybox":true,"showFlares":true,"showImageEffects":true,"showParticleSystems":true},"in2DMode":false,"pivot":{"x":222.86582946777345,"y":107.91851806640625,"z":-16.779083251953126},"rotation":{"x":-0.009339884854853154,"y":0.9864209890365601,"z":-0.1524239033460617,"w":-0.060443609952926639},"size":384.13482666015627,"orthographic":false}