{"cameraMode":{"drawMode":0,"name":"Shaded","section":"Shading Mode"},"sceneLighting":false,"audioPlay":false,"sceneViewState":{"showFog":true,"showMaterialUpdate":false,"showSkybox":true,"showFlares":true,"showImageEffects":true,"showParticleSystems":true},"in2DMode":false,"pivot":{"x":0.6539999842643738,"y":-0.0729999989271164,"z":0.8690000176429749},"rotation":{"x":-0.07895979285240174,"y":0.6970383524894714,"z":-0.07769054919481278,"w":-0.708425760269165},"size":0.6940655708312988,"orthographic":false}