{"cameraMode":{"drawMode":0,"name":"Shaded","section":"Shading Mode"},"sceneLighting":false,"audioPlay":false,"sceneViewState":{"showFog":true,"showMaterialUpdate":false,"showSkybox":true,"showFlares":true,"showImageEffects":true,"showParticleSystems":true},"in2DMode":false,"pivot":{"x":0.6499999761581421,"y":-0.12999999523162843,"z":0.10000000894069672},"rotation":{"x":-0.17897476255893708,"y":0.024200962856411935,"z":-0.004404102917760611,"w":-0.9835461378097534},"size":2.0538642406463625,"orthographic":false}