{"cameraMode":{"drawMode":0,"name":"Shaded","section":"Shading Mode"},"sceneLighting":false,"audioPlay":false,"sceneViewState":{"showFog":true,"showMaterialUpdate":false,"showSkybox":true,"showFlares":true,"showImageEffects":true,"showParticleSystems":true},"in2DMode":false,"pivot":{"x":0.05000000074505806,"y":2.1500000953674318,"z":-3.700000047683716},"rotation":{"x":-0.17897476255893708,"y":0.024200962856411935,"z":-0.004404102917760611,"w":-0.9835461378097534},"size":22.0,"orthographic":false}